Weather Type,Game Title,Tags,Steam Rating,Weather Reasoning,Description,Playtime,Price Range
Rainy,Firewatch,"ğŸŒ² Atmospheric, ğŸ‘¤ Single-player, ğŸ“– Story-Rich",92%,Rainy weather calls for introspective slower-paced experiences,The gentle patter of rain outside makes this the perfect time to lose yourself in the Wyoming wilderness. Firewatch's contemplative pace and stunning forest vistas create a cozy cocoon of storytelling.,4-6 hours,$19.99
Rainy,Stardew Valley,"ğŸŒ± Farming, ğŸ˜Œ Relaxing, ğŸ¨ Pixel Art",96%,Indoor comfort gaming for rainy day coziness,There's something magical about tending virtual crops while real rain nourishes the world outside. The cozy pixel art and gentle gameplay create the perfect indoor sanctuary.,50+ hours,$14.99
Rainy,A Short Hike,"ğŸ”ï¸ Exploration, ğŸ§˜ Meditative, ğŸŒ¿ Nature",98%,Virtual nature exploration when outdoor activities aren't appealing,When you can't take a real hike in the rain take a virtual one! This charming adventure captures the peaceful feeling of wandering through nature.,1-2 hours,$7.99
Rainy,Coffee Talk,"â˜• Narrative, ğŸŒ™ Chill, ğŸµ Music",94%,Cozy cafÃ© vibes perfect for rainy evenings,Listen to customers' stories while brewing the perfect coffee. The rainy atmosphere outside matches the warm intimate cafÃ© setting perfectly.,4-6 hours,$12.99
Rainy,Spiritfarer,"ğŸš¢ Emotional, ğŸ¨ Beautiful, ğŸ˜¢ Heartfelt",92%,Contemplative journey perfect for reflective rainy moods,A cozy management game about caring for spirits. The emotional depth and beautiful art style create the perfect rainy day meditation.,20-30 hours,$29.99
Rainy,Night in the Woods,"ğŸŒƒ Story-Rich, ğŸ­ Drama, ğŸ” Mystery",88%,Small-town mysteries match rainy day introspection,Explore a dying rust belt town with deep characters and mysterious happenings. Perfect for when rain makes you want to dive into someone else's problems.,8-12 hours,$19.99
Rainy,Unpacking,"ğŸ“¦ Zen, ğŸ  Meditative, ğŸ“– Narrative",95%,Quiet methodical gameplay perfect for rainy afternoons,Unpack belongings and piece together life stories. The methodical peaceful gameplay is incredibly soothing during storms.,3-5 hours,$19.99
Rainy,Rain World,"ğŸŒ§ï¸ Survival, ğŸ¨ Artistic, ğŸ’€ Challenging",79%,Literally raining in-game matches your weather,Navigate a harsh ecosystem where the rain cycle affects everything. When it's raining outside embrace the rain inside too.,15-25 hours,$19.99
Rainy,Ori and the Blind Forest,"ğŸŒ² Platformer, ğŸ˜¢ Emotional, ğŸµ Musical",93%,Beautiful forest adventure for nature-loving rainy days,A stunning forest adventure with emotional storytelling. The lush environments feel perfect when you're stuck inside but yearning for nature.,8-12 hours,$19.99
Rainy,Journey,"âœ¨ Transcendent, ğŸŒ… Beautiful, ğŸ§˜ Meditative",95%,Introspective journey matching rainy day contemplation,A wordless adventure through mystical landscapes. The meditative gameplay perfectly matches the contemplative mood rain brings.,2-3 hours,$14.99
Rainy,Celeste,"ğŸ”ï¸ Platformer, ğŸ’ª Inspiring, ğŸ§— Challenging",94%,Overcoming challenges while sheltered from the storm,Climb a mountain while dealing with anxiety and depression. The metaphor of weathering internal storms resonates during actual storms.,12-18 hours,$19.99
Rainy,What Remains of Edith Finch,"ğŸ“š Narrative, ğŸ­ Atmospheric, ğŸ  Mystery",92%,Mysterious family stories perfect for dark rainy atmospheres,Explore a mysterious family home and uncover tragic stories. The atmospheric storytelling thrives in contemplative rainy weather.,2-3 hours,$19.99
Rainy,Gris,"ğŸ¨ Art, ğŸ˜¢ Emotional, ğŸµ Musical",91%,Emotional artistic journey for reflective weather,A watercolor masterpiece about grief and healing. The muted beautiful art style complements overcast rainy moods perfectly.,3-5 hours,$16.99
Rainy,Inside,"ğŸŒ‘ Dark, ğŸ§© Puzzle, ğŸ˜° Atmospheric",87%,Dark atmospheric puzzle-solving for stormy weather,A haunting puzzle-platformer with incredible atmosphere. The dark moody tone matches perfectly with stormy weather outside.,3-4 hours,$19.99
Rainy,The Stanley Parable,"ğŸ¤– Narrative, ğŸ˜‚ Comedy, ğŸ¤” Meta",88%,Quirky narrative experiment for cozy indoor time,A bizarre office adventure that questions player choice. Perfect for rainy days when you want something completely different and thought-provoking.,4-8 hours,$14.99
Sunny,No Man's Sky,"ğŸš€ Space, ğŸŒ Exploration, ğŸŒˆ Colorful",87%,Bright expansive experiences that match sunny energy,Brilliant sunshine deserves brilliant alien worlds! Your sunny mood is perfect for exploring vibrant planets and discovering new species under exotic skies.,50+ hours,$59.99
Sunny,Horizon Zero Dawn,"ğŸ¹ Action, ğŸŒ Open World, âš¡ Epic",89%,High-energy adventures that match sunny day motivation,Sunny weather gives you energy for epic adventures! Explore stunning post-apocalyptic landscapes with gorgeous outdoor environments and high-energy combat.,40-60 hours,$49.99
Sunny,The Witness,"ğŸ§© Puzzle, ğŸï¸ Beautiful, ğŸŒ… Zen",85%,Mental clarity games for bright focused days,Clear skies clear mind! This gorgeous puzzle island is perfect when sunshine has you feeling mentally sharp and ready for challenges.,25-40 hours,$39.99
Sunny,Subnautica,"ğŸŒŠ Underwater, ğŸ  Exploration, ğŸŒˆ Colorful",87%,Bright underwater worlds for sunny exploration moods,Crystal clear skies make us dream of crystal clear waters! Dive into vibrant underwater worlds full of colorful sea life and mysterious depths.,30-50 hours,$29.99
Sunny,Spider-Man Remastered,"ğŸ•·ï¸ Action, ğŸ™ï¸ Open World, â˜€ï¸ Heroic",91%,High-energy superhero action for energetic sunny days,Swing through sunny New York City as your friendly neighborhood Spider-Man. The bright energetic gameplay matches your sunny disposition perfectly.,20-30 hours,$59.99
Sunny,Forza Horizon 5,"ğŸï¸ Racing, ğŸŒ´ Tropical, ğŸŒ Bright",92%,Fast-paced racing through beautiful sunny landscapes,Race through vibrant Mexican landscapes under brilliant blue skies. The sunny tropical setting and high-speed action capture that perfect sunny day energy.,30+ hours,$59.99
Sunny,Super Mario Odyssey,"ğŸ„ Platformer, ğŸŒˆ Colorful, ğŸ˜Š Joyful",97%,Pure joy and color that matches sunny happiness,Bright colorful and endlessly joyful - just like a perfect sunny day! Mario's latest adventure radiates the same positive energy as brilliant sunshine.,12-60 hours,$59.99
Sunny,Slime Rancher,"ğŸ¥ Cute, ğŸŒ± Farming, ğŸŒˆ Cheerful",95%,Adorable farming simulation for bright happy moods,Raise adorable slimes on a colorful ranch. The bright cheerful art style and upbeat gameplay perfectly match the optimism of sunny weather.,20-40 hours,$19.99
Sunny,A Hat in Time,"ğŸ‘’ Platformer, ğŸ¨ Colorful, ğŸ˜„ Whimsical",94%,Whimsical platforming adventure for energetic sunny days,A delightful 3D platformer with incredible charm and vibrant worlds. The playful energy matches the boundless possibility feeling of perfect weather.,8-15 hours,$29.99
Sunny,Rocket League,"âš½ Sports, ğŸš— Cars, âš¡ Fast-paced",87%,High-energy competitive action for active sunny moods,Fast-paced car soccer that gets your adrenaline pumping. The bright arenas and energetic gameplay capture that let's do something active sunny day feeling.,Infinite,$19.99
Sunny,Cities: Skylines,"ğŸ™ï¸ City Builder, ğŸŒ Optimistic, ğŸ—ï¸ Creative",91%,Building bright futures under clear skies,Design and build your dream city under clear blue skies. The optimistic city-building perfectly matches the anything is possible feeling of sunny weather.,50+ hours,$29.99
Sunny,Portal 2,"ğŸ§ª Puzzle, ğŸ˜‚ Comedy, ğŸ¤– Sci-fi",95%,Clever problem-solving for mentally energized sunny days,Brilliant puzzles with brilliant humor for brilliant sunny days. The clever energetic problem-solving matches the mental clarity that sunshine brings.,8-12 hours,$9.99
Sunny,Splatoon 3,"ğŸ¨ Colorful, ğŸ¦‘ Action, ğŸ’¥ Competitive",90%,Vibrant color-splashing action for bright energetic moods,Splash bright colors everywhere in this energetic team shooter. The explosive colors and upbeat action perfectly capture sunny day exuberance.,20+ hours,$59.99
Sunny,Tony Hawk's Pro Skater 1+2,"ğŸ›¹ Skating, ğŸµ Music, â˜€ï¸ Summer",88%,High-energy skating for active sunny day vibes,Shred through sunny skate parks with an incredible soundtrack. The summer skating aesthetic and energetic gameplay scream perfect sunny day activity.,15-25 hours,$39.99
Sunny,Outer Wilds,"ğŸŒŒ Space, ğŸ” Mystery, ğŸŒ Exploration",93%,Cosmic exploration under infinite sunny skies,Explore a solar system caught in a time loop. The sense of cosmic wonder and discovery matches the expansive feeling of looking up at clear sunny skies.,15-25 hours,$24.99
Cloudy,What Remains of Edith Finch,"ğŸ“š Narrative, ğŸ­ Atmospheric, ğŸ  Mystery",92%,Mysterious atmospheric games for contemplative cloudy moods,Overcast skies create the perfect backdrop for mysterious stories. This hauntingly beautiful narrative adventure thrives in the contemplative mood that cloudy weather brings.,2-3 hours,$19.99
Cloudy,Gris,"ğŸ¨ Art, ğŸ˜¢ Emotional, ğŸµ Musical",91%,Emotional artistic experiences for reflective weather,The muted tones of cloudy weather perfectly complement this watercolor masterpiece. Gris's emotional journey resonates with the introspective mood overcast skies inspire.,3-5 hours,$16.99
Cloudy,Control,"ğŸ¢ Supernatural, ğŸŒ«ï¸ Mysterious, ğŸ’« Paranormal",83%,Supernatural mysteries matching cloudy uncertainty,Navigate a brutalist government building filled with supernatural phenomena. The mysterious uncertain atmosphere matches perfectly with cloudy uncertain weather.,15-20 hours,$29.99
Cloudy,Kentucky Route Zero,"ğŸ›£ï¸ Surreal, ğŸ“– Literary, ğŸ­ Atmospheric",84%,Surreal storytelling for contemplative cloudy moods,A magical realist adventure through rural Kentucky. The dreamlike uncertain narrative perfectly matches the contemplative uncertainty of cloudy skies.,8-12 hours,$24.99
Cloudy,Disco Elysium,"ğŸ•µï¸ Detective, ğŸ“š Literary, ğŸ§  Deep",91%,Deep detective work for thoughtful overcast days,Solve crimes while battling your own demons in this incredible RPG. The complex layered storytelling matches the contemplative mood cloudy weather brings.,60+ hours,$39.99
Cloudy,Life is Strange,"ğŸ“¸ Photography, ğŸŒªï¸ Supernatural, ğŸ˜¢ Emotional",79%,Emotional time-travel drama for reflective cloudy weather,Navigate teenage drama with time-travel powers. The moody Pacific Northwest setting and emotional depth perfectly match overcast contemplation.,12-16 hours,$19.99
Cloudy,The Vanishing of Ethan Carter,"ğŸ” Mystery, ğŸŒ² Atmospheric, ğŸ‘» Supernatural",81%,Atmospheric detective work for mysterious cloudy days,Investigate supernatural disappearances in a beautiful eerie landscape. The mysterious atmosphere perfectly complements uncertain cloudy weather.,4-6 hours,$19.99
Cloudy,Soma,"ğŸ¤– Sci-fi, ğŸ˜° Horror, ğŸ¤” Philosophical",85%,Deep philosophical horror for contemplative gray days,Explore an underwater research facility while questioning consciousness itself. The deep unsettling themes match the introspective mood of gray skies.,8-12 hours,$29.99
Cloudy,The Return of the Obra Dinn,"âš“ Mystery, ğŸ¨ Monochrome, ğŸ•µï¸ Detective",89%,Monochrome mystery-solving for atmospheric cloudy weather,Investigate the fate of a ship's crew using supernatural detective work. The stark black-and-white art style perfectly matches overcast atmospheric weather.,8-12 hours,$19.99
Cloudy,Virginia,"ğŸ•µï¸ Mystery, ğŸµ Musical, ğŸŒ² Atmospheric",72%,Silent narrative mystery for contemplative moods,A wordless first-person thriller with incredible atmosphere. The mysterious contemplative pacing matches perfectly with thoughtful cloudy weather.,2-3 hours,$9.99
Cloudy,Limbo,"ğŸŒ‘ Dark, ğŸ§© Puzzle, ğŸ˜° Atmospheric",88%,Dark atmospheric puzzles for moody overcast days,Navigate a haunting black-and-white world filled with deadly puzzles. The stark moody atmosphere perfectly captures the feeling of overcast skies.,3-4 hours,$9.99
Cloudy,The Long Dark,"â„ï¸ Survival, ğŸŒ¨ï¸ Atmospheric, ğŸ”¥ Contemplative",85%,Contemplative survival for overcast weather reflection,Survive in the Canadian wilderness after a geomagnetic disaster. The quiet contemplative survival matches the reflective mood of cloudy weather.,20+ hours,$34.99
Cloudy,Papers Please,"ğŸ“‹ Bureaucracy, ğŸ˜° Dystopian, ğŸ¤” Moral",96%,Moral complexity for thoughtful uncertain weather,Check immigration papers in a dystopian border checkpoint. The moral complexity and gray themes match the uncertainty of cloudy skies.,5-8 hours,$9.99
Cloudy,This War of Mine,"ğŸ’£ War, ğŸ˜¢ Emotional, ğŸ¤” Moral",84%,Heavy emotional experiences for contemplative overcast moods,Survive as civilians during wartime. The heavy contemplative themes and moral dilemmas perfectly match the serious mood of overcast weather.,10-20 hours,$19.99
Cloudy,Her Story,"ğŸ’» Detective, ğŸ“º FMV, ğŸ•µï¸ Mystery",85%,Video-based detective work for atmospheric investigation,Piece together a mystery through police interview footage. The atmospheric investigation perfectly matches the contemplative detective mood of cloudy weather.,2-4 hours,$5.99
Snowy,The Long Dark,"â„ï¸ Survival, ğŸŒ¨ï¸ Winter, ğŸ”¥ Atmospheric",85%,Immersive winter experiences that complement snowy conditions,Snowy weather calls for the ultimate winter survival experience! Feel the chill alongside your character as you navigate the beautiful but unforgiving Canadian wilderness.,20+ hours,$34.99
Snowy,Alto's Odyssey,"ğŸ‚ Zen, ğŸ”ï¸ Beautiful, ğŸ¿ Relaxing",89%,Peaceful winter sports for snowy day tranquility,Let the falling snow outside inspire graceful virtual snowboarding! This meditative endless runner captures the peaceful beauty of winter landscapes.,Infinite,$4.99
Snowy,Steep,"ğŸ¿ Winter Sports, ğŸ”ï¸ Extreme, â„ï¸ Snow",74%,Extreme winter sports matching snowy adrenaline,Carve through fresh powder on skis snowboard wingsuit or paraglider. When it's snowing outside embrace the winter sports spirit inside!,15+ hours,$29.99
Snowy,SnowRunner,"ğŸšš Trucks, ğŸŒ¨ï¸ Snow, ğŸ›£ï¸ Simulation",88%,Heavy machinery battling snow just like real winter,Navigate treacherous snowy terrain with powerful trucks. The challenging snow physics perfectly match the struggle of dealing with real winter weather.,40+ hours,$29.99
Snowy,Frostpunk,"ğŸ­ City Builder, ğŸ¥¶ Survival, â„ï¸ Apocalyptic",88%,Civilization survival in endless winter,Build and manage a city in a frozen post-apocalyptic world. The constant battle against cold perfectly captures the challenge of snowy weather.,20-30 hours,$29.99
Snowy,Never Alone,"ğŸº Adventure, â„ï¸ Arctic, ğŸ“š Cultural",81%,Arctic adventure celebrating winter culture,Experience Inuit folklore while navigating beautiful arctic landscapes. The cultural celebration of winter perfectly matches snowy weather appreciation.,3-5 hours,$14.99
Snowy,A Short Hike,"ğŸ”ï¸ Exploration, ğŸ§˜ Meditative, ğŸŒ¿ Nature",98%,Peaceful mountain hiking in snowy landscapes,Take a meditative hike through snowy mountain trails. The peaceful winter exploration perfectly matches the contemplative mood of falling snow.,1-2 hours,$7.99
Snowy,Ski Region Simulator,"â›·ï¸ Simulation, ğŸ”ï¸ Management, â„ï¸ Winter",71%,Ski resort management for winter weather enthusiasts,Manage a ski resort and create perfect winter experiences. When you can't hit the slopes at least you can run them!,20+ hours,$19.99
Snowy,Winter Resort Simulator,"ğŸ¿ Resort, ğŸ‚ Winter, ğŸ”ï¸ Management",68%,Winter resort simulation for snowy day planning,Design and operate winter resorts in beautiful snowy locations. Perfect for dreaming about winter vacations during actual snow days.,15+ hours,$24.99
Snowy,The Forest,"ğŸŒ² Survival, ğŸ•ï¸ Crafting, ğŸ˜° Horror",83%,Wilderness survival enhanced by winter atmosphere,Survive in a mysterious forest while building shelter. The survival aspects feel more urgent and cozy when there's real snow outside.,15-30 hours,$19.99
Snowy,Firewatch,"ğŸŒ² Atmospheric, ğŸ‘¤ Single-player, ğŸ“– Story-Rich",92%,Contemplative forest adventure perfect for snowy isolation,Walk through the Wyoming wilderness while uncovering mysteries. The isolated contemplative atmosphere perfectly matches being snowed in.,4-6 hours,$19.99
Snowy,My Time at Portia,"ğŸ”¨ Crafting, ğŸŒ± Life Sim, ğŸ˜Š Cozy",84%,Cozy crafting simulation for winter indoor time,Build and craft in a charming post-apocalyptic town. The cozy workshop atmosphere provides perfect indoor warmth during snowy weather.,60+ hours,$29.99
Snowy,Spiritfarer,"ğŸš¢ Emotional, ğŸ¨ Beautiful, ğŸ˜¢ Heartfelt",92%,Cozy boat management during winter contemplation,Care for spirits on a cozy boat while exploring beautiful worlds. The warm caring atmosphere provides emotional comfort during cold snowy days.,20-30 hours,$29.99
Snowy,Coffee Talk,"â˜• Narrative, ğŸŒ™ Chill, ğŸµ Music",94%,Warm cafÃ© conversations perfect for snowy evenings,Serve coffee and listen to customers' stories in a cozy cafÃ©. The warm intimate atmosphere is the perfect antidote to cold snowy weather outside.,4-6 hours,$12.99
Snowy,Slime Rancher,"ğŸ¥ Cute, ğŸŒ± Farming, ğŸŒˆ Cheerful",95%,Bright cheerful farming to contrast snowy gloom,Raise adorable slimes on a colorful ranch. The bright warm colors and cheerful gameplay provide perfect contrast to cold gray snowy weather.,20-40 hours,$19.99
Clear,Journey,"âœ¨ Transcendent, ğŸŒ… Beautiful, ğŸ§˜ Meditative",95%,Transcendent experiences for perfect weather days,Clear skies inspire clear journeys of the soul. This wordless adventure through mystical landscapes captures the sense of possibility and wonder that comes with perfect weather.,2-3 hours,$14.99
Clear,Breath of the Wild,"ğŸŒ¬ï¸ Open World, ğŸ”ï¸ Adventure, ğŸŒ… Beautiful",97%,Ultimate open-world exploration for perfect outdoor weather,When the weather is absolutely perfect you need the perfect adventure. Explore Hyrule's vast landscapes under beautiful clear skies that mirror your own.,60+ hours,$59.99
Clear,Outer Wilds,"ğŸŒŒ Space, ğŸ” Mystery, ğŸŒ Exploration",93%,Cosmic exploration under infinite clear skies,Explore a miniature solar system caught in a time loop. The sense of cosmic wonder and discovery perfectly matches the expansive feeling of perfect clear weather.,15-25 hours,$24.99
Clear,Abzu,"ğŸŒŠ Underwater, ğŸ  Meditative, ğŸ¨ Beautiful",88%,Serene underwater meditation for crystal clear conditions,Dive into beautiful underwater worlds with stunning sea life. The crystal clear waters match the perfect clarity of your weather outside.,2-4 hours,$19.99
Clear,The Witness,"ğŸ§© Puzzle, ğŸï¸ Beautiful, ğŸŒ… Zen",85%,Mental clarity puzzles for perfectly clear thinking,Clear skies clear mind! This gorgeous puzzle island is perfect when clear weather has you feeling mentally sharp and ready for intellectual challenges.,25-40 hours,$39.99
Clear,Astroneer,"ğŸš€ Space, ğŸŒ Exploration, ğŸ”¨ Crafting",90%,Planetary exploration under endless clear skies,Explore and reshape distant worlds under alien skies. The sense of infinite possibility matches the boundless feeling of perfect clear weather.,20+ hours,$29.99
Clear,Subnautica,"ğŸŒŠ Underwater, ğŸ  Exploration, ğŸŒˆ Colorful",87%,Crystal clear underwater exploration,Crystal clear skies make us dream of crystal clear waters! Dive into an alien ocean world where perfect visibility reveals incredible underwater landscapes.,30-50 hours,$29.99
Clear,No Man's Sky,"ğŸš€ Space, ğŸŒ Exploration, ğŸŒˆ Colorful",87%,Infinite exploration under perfect alien skies,Perfect weather deserves perfect alien worlds! Explore infinite planets under clear alien skies each more beautiful than the last.,50+ hours,$59.99
Clear,Ori and the Will of the Wisps,"ğŸŒ² Platformer, ğŸµ Musical, ğŸŒ… Beautiful",90%,Beautiful forest platforming for perfect nature days,Navigate stunning forest environments filled with life and beauty. The gorgeous natural settings perfectly complement perfect outdoor weather.,8-15 hours,$29.99
Clear,Firewatch,"ğŸŒ² Atmospheric, ğŸ‘¤ Single-player, ğŸ“– Story-Rich",92%,Perfect hiking weather calls for virtual hiking,When the weather is perfect for hiking take a virtual hike through the gorgeous Wyoming wilderness. The beautiful outdoor environments match your perfect weather.,4-6 hours,$19.99
Clear,A Short Hike,"ğŸ”ï¸ Exploration, ğŸ§˜ Meditative, ğŸŒ¿ Nature",98%,Perfect hiking simulation for perfect hiking weather,Take a peaceful hike to the summit of a beautiful mountain. When conditions are perfect outside celebrate with perfect virtual hiking.,1-2 hours,$7.99
Clear,Alto's Adventure,"ğŸ‚ Snowboarding, ğŸ”ï¸ Beautiful, ğŸ§˜ Zen",94%,Serene mountain adventure for perfect outdoor conditions,Snowboard through beautiful mountain landscapes with perfect weather conditions. The serene outdoor adventure matches your perfect real-world conditions.,Infinite,$4.99
Clear,Gris,"ğŸ¨ Art, ğŸ˜¢ Emotional, ğŸµ Musical",91%,Artistic beauty matching perfect weather beauty,Experience a beautiful watercolor world that's as stunning as your perfect weather outside. The artistic beauty celebrates the beauty of clear conditions.,3-5 hours,$16.99
Clear,The Pathless,"ğŸ¹ Adventure, ğŸ¦… Mystical, ğŸŒ² Nature",84%,Mystical nature adventure for perfect outdoor weather,Explore a mystical island with your eagle companion. The beautiful natural environments and perfect outdoor adventure match your ideal weather conditions.,8-12 hours,$39.99
Clear,Spiritfarer,"ğŸš¢ Emotional, ğŸ¨ Beautiful, ğŸ˜¢ Heartfelt",92%,Beautiful boat journey under perfect skies,Sail through beautiful worlds under perfect skies while caring for spirits. The gorgeous environments and perfect sailing weather match your ideal conditions.,20-30 hours,$29.99